{"cameraMode":{"drawMode":0,"name":"Shaded","section":"Shading Mode"},"sceneLighting":true,"audioPlay":false,"sceneViewState":{"m_AlwaysRefresh":false,"showFog":true,"showSkybox":true,"showFlares":true,"showImageEffects":true,"showParticleSystems":true,"showVisualEffectGraphs":true,"m_FxEnabled":true},"in2DMode":false,"pivot":{"x":3.035823106765747,"y":32.157779693603519,"z":33.070960998535159},"rotation":{"x":-0.36376267671585085,"y":-0.002240243135020137,"z":0.0008711733971722424,"w":-0.9314765334129334},"size":22.04912757873535,"orthographic":false}