{"cameraMode":{"drawMode":0,"name":"Shaded","section":"Shading Mode"},"sceneLighting":true,"audioPlay":false,"sceneViewState":{"m_AlwaysRefresh":false,"showFog":true,"showSkybox":true,"showFlares":true,"showImageEffects":true,"showParticleSystems":true,"showVisualEffectGraphs":true,"m_FxEnabled":true},"in2DMode":false,"pivot":{"x":1.6232086420059205,"y":-4.299150466918945,"z":-14.932795524597168},"rotation":{"x":0.19766008853912354,"y":-0.08925094455480576,"z":0.018075136467814447,"w":0.9760399460792542},"size":1.7483264207839966,"orthographic":false}