{"cameraMode":{"drawMode":0,"name":"Shaded","section":"Shading Mode"},"sceneLighting":true,"audioPlay":false,"sceneViewState":{"m_AlwaysRefresh":false,"showFog":true,"showSkybox":true,"showFlares":true,"showImageEffects":true,"showParticleSystems":true,"showVisualEffectGraphs":true,"m_FxEnabled":true},"in2DMode":false,"pivot":{"x":0.07881402969360352,"y":-3.9473581314086916,"z":-21.509082794189454},"rotation":{"x":0.2664734423160553,"y":0.062414802610874179,"z":-0.017296575009822847,"w":0.9616794586181641},"size":13.278154373168946,"orthographic":false}