{"cameraMode":{"drawMode":0,"name":"Shaded","section":"Shading Mode"},"sceneLighting":true,"audioPlay":false,"sceneViewState":{"m_AlwaysRefresh":false,"showFog":true,"showSkybox":true,"showFlares":true,"showImageEffects":true,"showParticleSystems":true,"showVisualEffectGraphs":true,"m_FxEnabled":true},"in2DMode":false,"pivot":{"x":1.309999942779541,"y":1.8037896156311036,"z":1.850000023841858},"rotation":{"x":0.18651022017002107,"y":-0.04536038264632225,"z":0.008621234446763993,"w":0.9813753366470337},"size":0.2656395733356476,"orthographic":false}